Age,EnvironmentSatisfaction,JobInvolvement,JobLevel,JobSatisfaction,MaritalStatus,MonthlyIncome,TotalWorkingYears,YearsInCurrentRole,C0,C1,Attrition
50,4,3,4,4,0,0.8642691415313225,32,4,21.80432791423945,5.633516094915834,0
36,2,3,2,2,0,0.20734022358152288,7,2,-5.142814642335345,-3.0648590336267088,0
21,2,3,1,2,2,0.088061590381776,1,0,-20.647362253612272,1.4605213940444628,1
52,2,3,3,2,2,0.49757435140265766,18,6,14.526880350260704,-4.105516394702098,0
33,2,3,3,3,1,0.6644695211980595,15,6,-1.7735157753203907,5.8103369898674675,1
47,3,2,3,2,0,0.49166842438304154,28,11,17.708124970482928,7.66371237226477,0
22,4,2,2,4,1,0.19858679603459187,4,2,-17.672823567662903,3.7169027632802383,0
33,3,3,2,4,0,0.22985657034380932,7,5,-7.071872803614983,0.03798580759427317,0
40,3,2,3,4,1,0.5191942628137524,15,11,4.098559940547858,3.4813076394485307,0
27,4,1,2,4,2,0.2141953174435773,8,2,-11.335709182365655,3.2341684482902213,0
40,1,3,1,4,1,0.07366589327146171,8,0,-1.7780420931702352,-5.800423864836626,0
55,4,3,3,2,1,0.5255747732545877,23,2,19.53365703257532,-4.336203958815593,0
33,1,2,1,2,2,0.06876186458553048,5,2,-8.771894157868203,-2.575213461353746,1
37,1,2,3,3,1,0.5062223159670955,17,1,1.9579077747319857,2.5941814599641724,1
46,4,2,5,2,1,0.9375659143640582,26,4,15.007324783513859,4.269805077040232,0
38,3,3,2,2,1,0.4701012444631934,10,8,-1.0245952613654765,0.1127390683733065,0
30,1,2,2,4,1,0.19078253533009915,10,2,-7.774530692818534,2.6854962606463477,0
36,4,1,2,4,0,0.23186036701117907,15,12,1.111710944164372,6.311561525045828,0
40,2,3,5,2,2,0.9926175912254799,21,8,7.7301189378611355,6.367973745050469,0
53,3,3,4,3,0,0.7299620333263025,22,13,18.72426724399257,0.8530760304176557,0
32,4,3,2,2,0,0.2352351824509597,10,5,-5.9154019482629145,2.6287715955498854,0
55,4,3,2,3,1,0.15956549251212823,4,2,7.322935728956416,-16.940233548075675,0
30,3,1,2,4,2,0.2679814385150812,11,4,-6.914240657159386,4.160199329099223,0
23,3,4,1,1,1,0.031217042817970893,1,0,-19.13033182878413,0.18998173509502259,1
51,2,2,2,3,1,0.2701434296561907,10,0,7.900924028177414,-11.277184537253996,0
42,4,2,2,4,1,0.2664522252689306,8,3,0.1470754053109431,-5.748274267626668,0
20,4,3,1,3,2,0.0,1,0,-21.410420872899387,2.0734756187184207,1
29,2,1,1,4,1,0.06111579835477747,6,4,-10.931126418983428,1.4143938835672358,0
43,1,2,4,2,0,0.702752583843071,25,10,12.724197502802994,7.878713294665108,0
40,3,2,2,4,1,0.1799725796245518,16,1,3.512816718722668,-0.039674467033540495,0
29,2,3,1,4,1,0.11189622442522675,10,8,-7.91427448362337,5.6662141023718515,0
44,3,3,1,2,0,0.07029107783168108,6,3,0.31933273739242196,-8.40946274246829,1
47,1,3,4,3,1,0.8521408985446108,26,17,17.19596898742278,8.892939776049808,0
32,1,3,2,4,1,0.22674541236026155,10,8,-5.5685697430603724,3.879669471120545,0
38,3,3,1,1,2,0.08489770090698165,8,0,-3.301971497529429,-4.571017542395472,0
58,4,1,2,3,0,0.24525416578780848,12,3,14.824735322019116,-13.112360568175033,0
45,2,3,3,4,1,0.441415313225058,10,1,3.5439912153222153,-7.038482046126459,0
56,3,3,4,4,1,0.5322716726429023,30,7,25.40890171777818,1.7892465193414466,0
37,3,1,2,4,0,0.449061379455811,6,3,-4.908618614379918,-3.916020948273397,0
39,1,4,3,3,2,0.3623180763551993,9,7,-0.9526950136689649,-1.4979826879357567,0
54,3,2,3,3,1,0.5102826407930816,13,4,12.620326761671166,-9.46128639727697,0
32,4,3,1,3,2,0.15903817759966252,10,7,-5.765215661261514,3.3640589044914613,0
48,1,3,3,3,1,0.6061484918793504,15,0,8.89960328135291,-6.022729347132268,0
33,3,4,2,2,1,0.23618434929339802,6,5,-7.714662107781582,-0.637656126664691,0
31,2,1,2,3,1,0.27225268930605356,12,7,-5.166355217271615,5.426951147247866,1
46,2,3,3,1,0,0.4979962033326302,24,13,14.62855580394372,6.465964246834971,0
38,4,3,2,4,0,0.24973634254376714,10,2,-1.7152550712135621,-2.3471883444816566,0
38,4,3,2,2,1,0.18092174646699008,16,13,3.3759848279101234,6.099963153746564,0
43,4,3,2,4,1,0.36057793714406244,10,9,2.873932920154921,-2.6097502846888023,0
37,2,3,1,4,1,0.06944737397173592,4,2,-6.377547146779062,-5.7475002906807315,0
30,3,2,2,4,1,0.1657350769879772,11,10,-6.220690602939172,6.604325127009126,0
39,3,2,4,2,0,0.8497152499472685,21,9,7.022486345047895,7.325652445420238,0
43,1,2,5,3,1,0.9693630035857415,21,12,10.468268437483665,6.148963024394231,0
27,4,2,2,1,2,0.30594811221261337,9,6,-10.235266219195342,5.513745488058257,0
42,3,2,2,3,2,0.27604935667580677,10,4,1.5370978629520025,-4.018273627353485,0
31,1,4,1,3,0,0.1565597975110736,4,2,-10.913549633077668,-1.997580654262853,0
39,4,3,1,1,1,0.07356043028896857,8,2,-2.3122733879852646,-4.383603062289611,1
29,4,2,4,4,0,0.7970364901919427,9,7,-8.449439287177942,4.853568178510043,0
49,3,3,5,1,2,0.9310272094494833,22,2,14.492805295105,-1.0687016213616918,0
38,1,2,1,1,2,0.09750052731491246,20,0,4.366583404351111,3.359591004336041,0
42,1,3,4,4,2,0.790075933347395,16,0,5.061349222586827,-1.5248409314716849,0
34,4,3,3,3,0,0.4017612318076355,9,7,-4.737189147466708,1.6240378628786711,0
36,3,3,2,4,1,0.29408352668213456,17,8,1.928996423057157,5.977358577842803,0
27,3,3,2,4,1,0.175754060324826,5,2,-13.244417043100949,1.24351503597412,0
40,3,1,3,1,0,0.5232545876397384,20,0,6.031212471179018,2.279199012568524,0
34,4,2,3,3,1,0.3202910778316811,10,9,-3.875032185612433,3.109146571413545,0
43,3,3,3,1,1,0.4733178654292343,10,0,1.912196651078652,-6.209831843596936,0
31,1,3,3,4,0,0.5159249103564649,13,7,-4.446305120381069,6.1606637486052795,0
41,4,3,1,4,1,0.09349293398017296,12,3,1.873048859541818,-2.582533089478437,0
31,4,1,2,1,1,0.21060957603881036,10,8,-6.334268251225673,4.499194770283351,0
45,2,3,2,3,2,0.23149124657245307,12,2,4.859033011596395,-5.400543340270792,0
33,2,2,2,4,2,0.19368276734866063,9,7,-5.5727581336497245,2.188060399423316,0
36,3,4,2,4,1,0.08236658932714618,17,2,1.2364686948848416,3.5073658123703915,0
33,2,4,1,2,1,0.05373338958025733,14,11,-1.9850906744151828,7.010526308453242,0
31,1,3,1,3,0,0.1002952963509808,5,2,-10.276330253274743,-1.32904230355234,0
19,3,1,1,1,2,0.06939464248048935,1,0,-22.16605629547236,2.7236732624679316,1
32,2,4,1,2,1,0.09412571187513183,5,1,-9.640202357474625,-2.385126631375753,0
36,1,3,2,4,2,0.3569921957392955,18,9,2.683369942320489,7.058549727480725,0
37,3,3,2,2,0,0.16146382619700486,19,0,3.04646367653843,3.389913342562295,0
29,2,2,1,1,1,0.06907825353300992,1,0,-14.584147521572529,-3.5345199139772685,1
29,3,3,1,4,0,0.07936089432609154,11,5,-7.618528184705365,5.09153207275317,0
41,2,1,5,3,1,1.0,21,16,9.410968612471244,9.041582835310143,0
30,3,3,2,4,1,0.28148070027420374,12,9,-5.69452318117057,6.845384140791535,0
39,3,3,3,3,2,0.6567707234760599,9,3,-1.413003581865766,-3.132036985659239,0
22,3,3,1,1,1,0.07324404134148914,1,0,-19.887759336536046,0.8270405858779917,1
31,3,1,2,3,1,0.1759122547985657,6,4,-9.34728138336651,0.23766830261460825,0
45,4,3,4,4,1,0.8775047458342122,26,3,14.065347627367757,4.397753470655175,0
42,1,3,2,3,0,0.18703859945159249,19,4,7.2984319122789785,1.9152422040264536,0
31,3,2,3,3,1,0.41837165155030587,10,9,-6.143694932412636,4.994305989791458,0
51,4,1,2,2,0,0.2358679603459186,13,1,9.931127437201631,-8.895624535411889,0
34,4,2,2,1,2,0.228538283062645,14,9,-1.3957764309951983,5.65538760556983,0
33,4,3,4,3,2,0.8666420586374183,10,8,-4.6735757063651775,3.4047978569361543,0
40,2,3,2,2,1,0.24615060113900022,15,8,3.682603355346579,2.1584403538862826,0
33,4,4,3,3,0,0.38868382197848556,10,8,-4.740509697977146,3.30670715351396,0
34,2,3,2,3,1,0.2481016663151234,6,5,-6.955412104864358,-1.2432059460280627,0
34,2,3,1,4,1,0.08869436827673487,10,9,-4.012410019233528,2.9472334410818615,0
30,2,4,3,1,1,0.5487766294030795,9,7,-7.764544171991023,4.1254342645988356,0
45,4,3,2,1,1,0.13836743303100613,9,8,3.631436028604462,-4.940217923090893,0
37,1,3,3,2,0,0.41262391900442946,9,5,-2.6882243592424473,-1.0532296547674243,0
31,4,3,2,4,0,0.3447584897700907,13,7,-4.524863112127328,6.056148861063611,0
32,4,3,1,4,2,0.10857414047669268,8,7,-7.043359034071717,2.047789930544944,0
30,1,3,1,3,1,0.05921746466990086,7,2,-9.76160241376206,0.6120583808533198,1
33,3,4,2,1,1,0.2302784222737819,10,3,-5.38990738848144,1.17683692334694,0
38,3,3,3,3,2,0.36131617802151444,10,0,-1.8812492854587433,-3.0807769608988647,0
41,3,3,2,1,0,0.10878506644167897,17,0,4.7979163180148205,-0.433383879979921,0
51,1,1,3,4,2,0.508384307108205,18,2,13.310751063616976,-5.083761845990045,1
38,1,2,2,1,0,0.27836954229065597,13,3,0.3219457195802704,0.06273827452840486,0
27,2,2,2,3,1,0.13346340434507487,9,8,-9.99885943105673,6.3485179735466195,0
53,4,3,4,4,2,0.6995359628770301,33,9,25.278478621962265,6.455952711135288,0
30,4,3,2,3,1,0.22632356043028898,4,1,-11.727233410084843,-1.7093514174536164,0
30,2,3,1,4,2,0.0037966673697532164,1,0,-13.831462116017732,-4.166265849240601,1
30,4,1,1,3,1,0.1489137312803206,7,2,-9.767962540697788,0.6151459376656412,0
58,4,3,5,1,1,0.9856570343809323,32,8,28.390253832997672,2.340976153238527,0
34,2,4,2,4,0,0.4596076777051255,16,1,-1.0194877832268574,3.7054782226191687,0
51,3,3,2,4,1,0.20707656612529002,18,7,13.81312507625082,-3.1579408911279447,0
39,3,3,4,1,1,0.8468150179287071,21,9,7.018358666436569,7.311081849770416,0
36,2,3,3,4,2,0.47305420797300146,10,3,-3.0472308404091706,-0.5908648142911623,0
32,3,2,2,2,1,0.22247416156928917,13,12,-3.1976763526885605,7.485663422690596,0
56,1,3,1,3,1,0.10192997257962455,18,4,17.188632934799664,-7.5856818042157474,0
57,2,4,2,3,1,0.20517823244041342,13,9,15.396849487184788,-9.393582612877788,0
57,1,2,4,4,0,0.6912571187513182,32,0,26.649732045379437,-0.35472051531946214,0
40,4,2,1,4,2,0.07029107783168108,5,2,-3.476052391880188,-6.9693246952442305,0
23,4,3,1,1,1,0.04118329466357309,1,0,-19.13297096415459,0.19421573502195777,1
53,2,4,3,4,1,0.3161780215144484,11,3,10.470951851374927,-10.57866300366266,0
38,4,2,1,2,2,0.07545876397384518,4,3,-5.514778593103749,-5.972523120980588,0
36,3,3,1,2,1,0.05979751107361316,8,2,-4.582587425121865,-2.498135075953856,0
29,2,3,3,4,1,0.3643218730225691,11,10,-6.902853397323721,7.310828977634031,0
38,2,1,3,3,1,0.6431659987344442,20,16,6.355540098737016,10.090140658155853,0
47,1,3,3,3,2,0.40202488926386837,25,14,16.131287017048706,6.915337152367365,0
32,4,3,2,3,1,0.20428179708922167,10,4,-6.035408270742465,2.2199498884108415,1
36,2,2,2,2,2,0.2894958869436828,6,5,-5.445215262703009,-2.4866153566930915,0
49,1,2,2,1,2,0.1726956338325248,20,3,13.114039397095048,-2.2111323366673066,1
34,3,2,1,1,2,0.1778105884834423,6,5,-7.03350477142023,-1.327950924299909,0
39,1,3,2,3,2,0.18587850664416788,9,7,-1.0254742991164605,-1.5718456718594744,0
30,3,2,3,3,2,0.3936405821556634,12,8,-5.743692842776028,6.526486834046886,0
51,2,3,3,2,1,0.5055368065808901,14,2,10.759380486700437,-7.750731904087639,0
60,1,3,2,1,2,0.2318076355199325,10,2,14.945327044795683,-16.099667321810884,0
50,2,3,2,3,0,0.3015713984391479,12,3,8.771603829452026,-8.114976210492143,1
45,4,3,1,4,1,0.05921746466990086,8,4,2.4624051080849227,-7.31159796499661,0
56,4,1,3,4,2,0.3296245517823244,37,4,29.454407963265965,5.101876617288502,0
46,4,3,3,4,0,0.3991246572453069,12,8,6.383385645154881,-3.4944844405529505,0
42,2,3,1,2,0,0.0926492301202278,7,3,-0.5543331921249859,-6.4924049666188335,0
60,3,1,3,4,0,0.5206707445686564,19,0,20.541679007312965,-10.883647608483448,0
53,3,2,3,4,1,0.48302045981860364,34,7,25.620634986307607,6.22984133567497,1
39,1,3,2,1,1,0.2184138367433031,10,0,-1.1866380218403592,-3.780306274383582,0
48,4,2,5,2,1,0.9837587006960556,29,10,19.128979858142827,7.451467379998924,0
37,3,3,2,4,1,0.2896540814174225,7,4,-4.1607588716225195,-2.873754545834748,0
41,4,3,2,4,0,0.23507698797722,12,2,1.834308399449192,-2.9064076953283102,0
21,1,3,1,4,2,0.08442311748576249,3,2,-19.13768732011797,3.6080606880109745,0
32,2,3,2,4,0,0.1789706812908669,8,2,-7.534162980199408,0.10045994319940554,0
37,4,2,1,3,2,0.057002742037544823,7,0,-4.701202897042521,-4.596021365538716,1
45,1,3,3,1,0,0.2215249947268509,24,9,13.409066881355017,5.456170207079579,0
41,4,3,3,4,2,0.6634676228643746,16,0,4.2260330964592825,-1.0029742132848067,0
42,2,4,2,2,1,0.07187302256907825,18,0,6.191761352186823,-0.40383830894476525,0
42,3,3,2,2,1,0.30668635309006537,10,7,1.8876878160917485,-2.801735575225633,0
24,4,3,1,2,1,0.05399704703649019,1,0,-18.375240464742944,-0.4287168498078806,0
33,1,3,2,1,2,0.38045770934402023,6,2,-8.058378690611722,-1.8423661906970477,1
43,4,3,2,4,1,0.2400864796456444,12,2,3.3446540555180064,-4.158832325184894,0
38,3,3,1,3,1,0.08832524783800885,3,1,-6.375752887681426,-7.449845594878708,0
33,4,3,2,3,2,0.28364269141531323,14,0,-3.186388102676375,2.593000277958419,0
53,1,2,3,4,1,0.5233600506222316,35,2,25.68941336981863,4.8566826073328855,0
43,3,3,3,1,1,0.5173486606201223,18,7,7.827508808718015,1.9264145593818789,0
42,4,2,1,1,0,0.08352668213457076,10,6,1.7015886000958673,-3.293340006591338,0
29,2,1,1,1,1,0.058531955283695425,7,7,-9.947755461938357,3.2937211394012795,1
29,2,3,2,3,1,0.1753849398861,11,7,-7.320216758347605,5.995955920138061,0
37,2,3,1,2,1,0.10614849187935035,8,0,-4.052214636518194,-3.9346007617934564,0
50,1,3,5,2,1,0.905030584264923,28,3,19.206201610286293,2.684777421648203,0
29,4,3,2,3,1,0.19194262813752372,4,3,-12.255257073619138,-0.26598839793414797,0
33,1,3,3,4,2,0.6564543345285805,15,14,-0.8561900805646232,9.091625137846602,0
55,3,2,4,1,2,0.8303627926597764,31,7,25.289287833030194,3.0813549067843287,0
51,2,2,3,2,1,0.6054102510018984,16,9,12.842597064666599,-3.555874936072234,0
30,1,1,1,3,0,0.08458131195950222,10,7,-7.2667777345299065,4.658076943118761,0
49,1,2,5,3,1,0.9334528580468255,23,0,14.910098975375561,-1.1979933043657738,0
47,3,4,2,3,0,0.21398439147859102,20,10,12.41099487187497,1.8780920739205467,0
31,3,3,1,2,2,0.0786753849398861,1,1,-12.960202109821047,-4.392651324749407,0
47,2,3,1,3,2,0.05779371440624341,7,2,3.108214969225699,-10.030480660638657,0
58,1,3,1,3,0,0.07187302256907825,2,2,8.25818643195116,-20.19612050991541,0
41,2,3,5,3,1,0.977430921746467,23,15,10.574343497441582,9.928208997865516,1
29,4,2,1,1,2,0.14638261970048513,5,4,-11.57710167373217,0.7244823453400482,0
50,4,4,1,3,1,0.11664205863741826,20,8,14.375667150842226,-0.9082210464522671,0
32,3,2,1,2,2,0.09639316599873445,6,2,-8.8945199222834,-1.3036380250608754,0
44,2,3,5,4,0,0.951276102088167,23,7,11.931164183063458,4.781066430391322,0
38,3,4,1,3,1,0.09676228643746045,7,6,-3.2452084046218417,-2.7788637852784976,0
45,2,2,1,3,2,0.06670533642691415,1,0,-2.469464675993599,-13.540078209634215,0
46,1,3,3,3,1,0.5018983336848766,28,2,15.916431750386145,4.610050037193643,0
34,4,4,1,4,1,0.10140265766715882,6,0,-7.605610267342438,-3.3950476120052837,0
55,3,3,2,2,1,0.2834844969415735,17,7,16.205218241176,-6.322368327714395,0
19,2,4,1,4,2,0.10467201012444632,1,0,-22.16120693551096,2.705983280046297,0
32,1,3,2,4,1,0.27172537439358785,9,8,-6.206594216642426,3.22164591137029,0
40,3,3,2,3,0,0.1564016030373339,11,7,1.013894396096667,-0.8907644956933432,0
30,3,2,2,2,0,0.22147226323560432,11,8,-6.4453204468257965,5.783552878167059,0
48,4,3,1,3,1,0.06591436405821556,13,0,7.468465705975497,-7.5331230848824955,0
45,1,2,4,4,1,0.832261126344653,22,8,12.090515095524239,3.8383463015249557,0
29,2,1,1,4,0,0.09022358152288547,10,7,-8.026219959873071,5.27944539211089,0
46,4,2,2,1,0,0.19014975743514026,19,13,11.35580261288824,3.082020434417492,0
41,4,3,2,3,2,0.21060957603881036,8,2,-0.7303013404610965,-5.547495979561473,0
41,2,3,1,2,2,0.1123708078464459,4,3,-3.236902085267147,-7.8458758951418925,1
52,4,4,4,3,1,0.6453279898755537,24,3,18.086994312740607,-1.316263226201503,0
51,1,2,3,1,2,0.34143640582155665,23,12,17.651945659344932,2.281786655598877,0
36,3,3,1,4,2,0.08621598818814596,7,2,-5.2253640591795545,-3.1531428828371926,0
38,2,3,2,1,1,0.2986711664205864,17,0,2.5260469844366824,1.4520710598771522,1
31,4,3,2,1,2,0.22795823665893272,10,2,-7.027244243144317,2.0213207041910817,0
44,2,3,2,1,0,0.23439147859101456,9,3,2.3095369254417975,-6.344238602539326,0
30,3,3,2,4,0,0.2264817549040287,10,7,-7.198148082423597,4.70960859502161,0
31,4,3,1,2,2,0.06818181818181818,3,2,-11.570105378121454,-2.67258136041419,1
27,4,3,1,3,2,0.07303311537650285,8,2,-11.40613393550925,3.126403253207494,1
24,4,2,2,3,0,0.17759966251845602,5,2,-15.514981896872563,3.123286320185837,0
50,3,2,1,3,1,0.14137312803206076,5,2,4.1062504497461845,-13.217852836121187,0
39,4,2,2,3,1,0.25801518666947904,17,11,4.542845317014496,5.329359652103182,0
30,3,3,2,3,2,0.19436827673486606,10,4,-7.552926463208173,3.4761421089656963,0
30,4,2,2,4,1,0.2170955494621388,10,8,-7.09073808659042,5.121298363437495,0
59,3,2,5,4,1,0.9404661463826197,30,2,27.181465048542833,-2.0339209967335155,0
36,1,4,3,1,1,0.5644378823033115,10,7,-2.578721933267815,1.0379305079127725,0
29,4,2,1,1,2,0.07356043028896857,3,0,-13.315591344542678,-2.231478706240088,1
30,2,2,1,1,1,0.05399704703649019,1,0,-13.826932352803574,-4.160354460436897,1
50,3,3,5,2,2,0.9975216199114111,21,4,14.842604631052254,-1.5310498539309485,0
37,3,2,1,1,1,0.1535013710187724,17,1,1.809119203368958,2.40689110030198,0
38,1,2,3,2,1,0.5827884412571187,19,8,4.798759281862274,6.149942732550207,0
41,4,3,2,4,2,0.27531111579835477,16,3,4.495538915698376,0.13617900182012121,0
29,4,2,1,1,0,0.058004640371229696,1,0,-14.584016263181077,-3.5466675041599824,0
45,4,3,2,4,1,0.14174224847078676,12,9,5.662881671093594,-2.547204270542986,0
29,1,3,2,1,1,0.23012022780004218,6,3,-10.970896429480078,1.0676938393603805,0
42,4,3,4,1,1,0.8782957182029107,23,6,10.221536388367149,5.518373970722097,0
48,4,2,5,4,2,0.9099346129508542,25,0,15.41869130284163,0.7257919806040256,0
20,4,2,1,4,2,0.10108626871967939,1,0,-21.409400852334496,2.0884601511810974,1
31,3,3,3,2,0,0.5082788441257119,13,8,-4.33593717876613,6.551626175942949,0
41,3,1,2,2,1,0.2858574140476693,10,2,0.5537595905255515,-4.2012351339327,0
29,1,2,1,1,0,0.06992195739295508,4,2,-12.431216844626679,-0.7313993306022315,1
42,2,3,2,1,2,0.2186247627082894,9,4,0.9001136364435212,-4.687015264479703,0
36,2,2,2,4,1,0.29756380510440833,8,3,-4.392809153823258,-1.9810185713211084,0
32,1,1,2,2,2,0.3019405188778739,10,0,-6.493293406694949,0.6225508914487374,1
36,1,3,2,3,1,0.2287492090276313,10,2,-3.228700719214217,-1.0802355344782715,0
42,2,3,1,1,0,0.08263024678337903,8,2,-0.030828682192428403,-6.2453400489434525,0
43,4,3,4,4,1,0.7938726007171483,22,13,11.1440574399913,7.104109487445654,0
36,3,3,2,4,2,0.18419109892427757,17,7,1.8076833400829244,5.564687586404359,0
36,2,3,2,2,1,0.24599240666526048,11,8,-1.9020826197343226,2.0252226849689077,0
36,2,3,3,4,1,0.46029318709133094,10,7,-2.5828818673866536,1.0471995173843744,0
38,4,3,2,4,1,0.19647753638472895,19,11,5.062598899348544,7.263148955563327,0
33,3,2,1,1,2,0.09438936933136469,6,2,-8.137184814534208,-1.9316141305529069,0
45,1,4,2,3,1,0.2860683400126556,9,2,2.9511372556844933,-7.3787462134443285,0
27,1,4,2,3,2,0.28954861843492935,9,7,-10.112624786506238,5.9260099809717515,0
34,1,2,2,2,2,0.18930605357519512,16,9,-0.11236754100019652,6.994785985237589,1
29,3,3,1,2,1,0.08932714617169374,6,4,-10.931757928571283,1.3820253103643942,0
32,2,3,2,3,2,0.2109786964775364,12,8,-4.298246814215254,5.186625802499831,0
44,4,3,4,1,1,0.8077937144062434,24,6,12.37406314765547,4.924814557795777,0
40,2,3,4,3,2,0.6448006749630879,22,6,8.064158901653514,6.12300212814927,0
55,1,3,4,2,2,0.8345285804682556,37,9,29.35668212767429,7.858039096356875,0
41,1,3,5,3,0,0.9707867538493988,21,16,9.418569471258287,9.027675701602965,0
43,1,1,2,3,2,0.22869647753638472,7,3,0.2663647545665526,-7.006430751065215,1
38,2,3,2,2,2,0.16816072558531955,8,2,-2.999062264673711,-3.660653713377579,0
29,2,1,1,2,2,0.09233284117274837,2,2,-13.720283996333468,-2.0450833666125927,1
45,4,3,3,1,1,0.6452225268930606,17,0,7.898649634629258,-2.8524176015557057,0
34,1,3,2,2,1,0.17485762497363425,5,2,-7.938126525047959,-3.1268023484576286,0
38,4,4,1,3,0,0.08442311748576249,4,2,-5.619015692341801,-6.3978275700750995,0
55,1,3,3,4,1,0.48671166420586376,24,0,19.94847418219831,-4.471719242616137,0
40,1,2,3,3,1,0.49704703649019194,18,15,6.478543245902607,7.105330604555789,0
20,4,3,1,1,2,0.09064543345285804,2,2,-20.54050079135578,3.547694151775893,0
33,1,1,1,4,0,0.12650284750052732,8,3,-6.731058498370999,-0.17003429521113844,1
31,4,3,1,4,1,0.0710293187091331,8,4,-8.14169775554873,1.4463864295590092,0
40,1,3,3,4,1,0.49108837797932925,14,10,3.34938027157569,2.4153306130643006,0
50,4,3,4,1,1,0.8883674330310061,32,2,21.569864658856616,4.806955822603635,0
27,4,3,1,4,2,0.08284117274836532,6,2,-12.683342799723562,1.8112528637768381,0
36,4,3,3,1,1,0.3855726639949378,15,8,0.7199726734160095,4.728824548829417,0
53,4,4,4,2,2,0.822031217042818,35,8,26.443306927792207,7.351226806577084,0
42,2,4,2,1,1,0.23882092385572665,10,0,1.084491984946709,-5.673990910387756,0
37,3,2,2,4,0,0.21904661463826197,17,0,1.7694482465456502,2.088758081442492,0
43,2,3,4,1,1,0.8516135836321451,22,1,9.769280851198197,2.200700058543939,0
23,4,3,1,3,1,0.011284539126766505,1,0,-19.133268891205446,0.19842936970912106,0
52,3,3,1,1,1,0.10235182450959714,12,4,10.322019481644034,-9.054724274212168,0
29,1,3,1,4,0,0.14506433241932082,3,2,-13.067895054080136,-1.392434543903681,0
50,2,2,5,3,0,0.9349820712929762,29,3,19.84730706277623,3.3520332154889534,0
42,2,3,2,3,1,0.20554735287913942,20,16,9.310397664050669,7.477039192783085,0
34,2,4,2,3,1,0.17902341278211348,6,3,-7.185811429848393,-2.0736586195652578,0
32,3,3,1,2,1,0.1540814174224847,6,3,-8.773386127288092,-0.9026601060849657,0
56,4,2,2,1,1,0.23048934823876818,6,0,9.12817396784098,-17.05924599617895,0
27,4,3,1,2,0,0.14801729592912888,5,2,-13.311959751570932,1.1516521782037827,0
40,3,3,1,1,1,0.12486817127188357,7,3,-2.0756080149628033,-5.251165440138996,0
37,1,3,3,3,0,0.4766399493777684,17,0,1.847730046304406,2.17509329463822,1
33,2,2,1,3,0,0.052678759755325884,1,1,-11.434830924063792,-5.62164286284929,0
36,3,3,2,3,1,0.22294874499050832,17,7,1.8128314626491857,5.564430913855491,0
39,3,3,1,3,1,0.14480067496308796,8,3,-2.1938604368532353,-3.961613996890252,0
36,1,3,2,4,0,0.21461716937354988,12,7,-1.371867215395433,2.287127510234299,0
36,3,3,2,2,1,0.22247416156928917,10,7,-2.6583118815422537,0.9500294721226581,0
37,3,3,2,2,2,0.16810799409407298,18,0,2.398584781211426,2.728361733707997,0
51,4,3,5,2,0,0.9933558321029319,31,10,22.684179566300557,6.883382272647253,0
49,1,3,4,2,1,0.8122758911622021,27,2,17.624199889336346,2.1592164167501373,0
43,3,2,1,3,1,0.07530056950010547,6,0,-0.788153523315593,-8.99978457887912,1
33,4,3,2,2,1,0.1736448006749631,4,2,-9.340806804754628,-3.180154088205269,0
46,4,3,3,3,0,0.5186669479012866,13,7,6.908898980651834,-3.245015006556061,0
56,1,3,1,4,2,0.08321029318709133,5,2,8.650452646830686,-16.968658091328038,1
32,4,1,2,4,0,0.1929445264712086,9,7,-6.325915740414828,2.8137917871429057,0
30,2,2,2,1,1,0.4590276313014132,10,8,-7.082908379843353,5.131985940321888,1
27,1,3,2,4,1,0.16968993883147016,4,2,-13.87890588353756,0.5978945187528222,0
42,3,3,3,1,1,0.6506538704914575,18,7,7.072126683056673,2.554443214751892,0
20,4,2,1,1,2,0.08389580257329678,1,0,-21.40991585971365,2.0809883302239207,1
50,4,3,1,2,1,0.15112845391267665,4,2,3.4660635975355802,-13.896313790670662,0
19,2,2,1,4,2,0.004904028685931238,1,0,-22.164014078961074,2.7255801342929455,1
31,1,3,1,3,1,0.10852140898544611,3,2,-11.558276485194988,-2.6480146029225207,0
29,3,3,1,4,1,0.06053575195106518,3,1,-13.193141937904272,-1.8179851751232459,0
42,4,3,1,3,2,0.15603248259860789,8,0,-0.2730704469669405,-7.07382264043436,0
36,2,2,2,3,1,0.2459396751740139,10,9,-2.426373418811096,1.788695066953574,0
42,3,3,4,1,2,0.6722737819025522,22,9,9.92209129952105,6.088628636955151,1
46,3,3,4,1,1,0.8457603881037756,28,15,17.48141370051531,9.99952736940537,0
39,2,2,4,4,1,0.5812064965197216,21,9,7.016022326093278,7.330704631450575,0
30,4,3,1,3,0,0.08879983125922801,1,0,-13.825294011662173,-4.177606331247132,0
36,1,2,2,4,2,0.25316388947479435,10,4,-3.003541087192545,-0.2496357959738127,0
41,2,1,1,4,0,0.09328200801518667,10,7,1.063215464304207,-2.22715371487069,1
22,2,2,1,3,1,0.09518034170006327,4,2,-17.73959611917861,3.64463707847157,0
21,1,2,1,2,2,0.061432187302256906,3,2,-19.13883956758304,3.613589698017213,1
41,2,4,1,3,1,0.124815439780637,10,6,0.945902727985164,-2.6717569169165767,0
45,2,1,3,1,0,0.5189833368487661,24,7,13.180296725834609,4.658017530673352,0
29,1,3,2,4,0,0.4136258173381143,6,4,-10.84819351480683,1.488883795615994,0
51,3,3,1,4,1,0.09038177599662518,1,0,2.078775862418105,-17.30657358625963,0
34,3,2,2,4,1,0.24984180552626029,16,10,0.004018860174319627,7.397959128328802,0
40,4,3,1,1,2,0.053206074667791606,15,4,3.141241574738224,0.4195110471092516,1
42,1,3,3,1,1,0.6423750263657456,20,0,7.548914718943038,1.020794083504894,0
39,4,4,3,3,1,0.38114321873022566,11,6,0.20820084522198812,-0.6077571127719885,0
40,2,3,1,2,1,0.07266399493777684,7,2,-2.1891502799694607,-5.65229806701336,0
45,1,3,3,2,0,0.339168951697954,10,8,4.353888227697581,-4.172502150676175,0
40,3,3,1,3,1,0.052309639316599876,20,3,6.226817068766316,3.3174148814704267,0
34,2,3,3,1,0,0.4714722632356043,11,2,-4.029399132573566,0.9055140523791003,1
32,3,3,3,4,2,0.5352246361527104,10,7,-5.61830961663097,3.542725314428914,0
50,4,2,3,1,0,0.6464880826829783,19,11,14.232129146083906,-0.14886280470898505,0
37,1,3,1,4,0,0.09407298038388526,13,8,0.06800036069046911,2.646104565575003,0
29,3,3,3,4,2,0.34507487871757014,9,7,-8.532326737556065,4.757001969848586,1
31,1,3,3,1,1,0.4549673064754271,9,2,-7.581912284977154,1.469421920872879,0
38,4,2,1,3,1,0.14200590592701962,5,4,-4.755332867130271,-4.899413970444604,0
27,4,3,2,3,2,0.47310693946424803,7,7,-11.394343229822066,4.602398617846296,0
41,3,3,1,1,1,0.06480700274203754,7,0,-1.6640278638242378,-7.105504420602946,0
40,3,2,5,3,2,0.9817021725374394,21,7,7.612259656121751,5.964981247141924,0
30,3,3,2,1,0,0.16378401181185404,8,3,-8.936729247531307,1.7466826575492291,0
30,3,3,2,3,0,0.13087956127399283,10,7,-7.199713202250123,4.705450060759823,0
34,2,3,1,2,0,0.052678759755325884,1,0,-10.791813822523185,-6.66952921806485,0
40,4,3,2,1,1,0.191415313225058,5,4,-3.1697908102388297,-6.083786362575379,0
29,4,3,1,2,0,0.06791816072558532,2,2,-13.714469315214174,-2.0775187027261968,0
46,4,3,5,2,1,0.9529635098080573,25,2,14.139513361971673,2.78206184445477,0
41,3,3,3,3,0,0.37861210715039023,12,7,2.482924103774373,-0.7720241500299174,0
39,1,1,2,3,1,0.249261759122548,10,2,-0.9572959324882646,-2.9350703714081607,0
29,4,3,1,2,0,0.12033326302467834,8,5,-9.536387735438975,3.1042737529195783,0
52,4,3,4,4,1,0.8197637629192154,31,2,22.445225563086673,2.9028677474474947,0
37,3,3,1,3,1,0.10477747310693947,8,4,-3.5943997867866386,-2.302024254363795,0
44,3,3,1,4,0,0.11527103986500738,8,2,1.4826603490171948,-7.495365980664728,0
45,1,3,2,1,1,0.17280109681501793,5,1,0.27871856461873534,-10.419549207575534,1
47,2,3,2,3,2,0.10372284328200801,5,0,1.6709384157019045,-12.084478703205944,0
37,4,3,1,1,0,0.10678126977430921,18,7,3.1400885315918146,5.504230561528413,0
41,2,3,2,4,2,0.2628137523729171,8,4,-0.495123629227912,-4.712346063542325,1
57,4,3,2,3,1,0.3029951487028053,15,2,15.865998264919604,-10.941239232877221,0
18,3,3,1,3,2,0.04719468466568234,0,0,-23.561145476716447,2.673277655752319,1
32,3,3,2,4,0,0.29835477747310696,9,1,-7.010732804939945,0.34563552021417365,0
33,1,3,3,1,2,0.3983864163678549,11,0,-5.025036224107808,0.715124481808374,1
32,4,3,1,4,0,0.06881459607677705,4,0,-10.394457413891434,-3.450127268518761,0
39,1,2,1,1,2,0.13905294241721156,11,0,-0.6238202545240839,-3.194917533995101,1
58,3,2,3,1,1,0.4745306897279055,31,9,27.721292649848337,1.9366291316115287,1
31,2,3,2,4,2,0.29387260071714827,10,5,-6.676709106046957,3.270716807728764,0
39,3,3,1,1,2,0.15265766715882725,6,2,-3.5909572436536124,-5.694584888081229,1
27,3,3,3,1,1,0.3376397384518034,9,7,-10.04295847501379,6.002228797702016,0
44,3,3,1,3,2,0.10161358363214512,6,4,0.42562038345641895,-8.000090529480422,1
45,4,3,1,4,0,0.06649441046192786,8,3,2.3521687481249742,-7.719277841844379,0
40,3,2,4,2,1,0.6588272516346763,22,3,7.721192301819279,4.89866585615172,0
47,3,3,3,2,1,0.5773043661674753,14,8,8.418408919674278,-2.7985172264916596,0
34,4,3,1,2,2,0.06865640160303733,9,2,-5.46541973728079,-0.5960864861494279,0
44,4,3,2,4,2,0.1862476270828939,20,11,10.241226152615724,4.167081215237969,0
36,1,4,2,1,1,0.191415313225058,17,7,1.8171340859746508,5.561703310058098,0
27,1,1,1,3,1,0.1904661463826197,3,2,-14.588062205043979,-0.12282673557967172,0
24,1,3,1,2,2,0.11564016030373339,6,3,-14.83387710786874,4.1130057873297545,1
39,3,3,3,3,2,0.5235709765872179,20,6,5.955809472472318,5.34060235488333,0
36,4,2,1,3,1,0.12544821767559586,2,0,-8.646570047291128,-7.262079841661221,1
50,3,3,3,4,2,0.43234549673064754,16,2,11.271612528765019,-5.812133870437199,0
41,4,3,4,2,2,0.7912887576460662,22,10,9.279386102396828,7.12132437833638,0
31,4,3,2,3,1,0.27262180974477956,10,2,-7.021756078062872,2.0283264238273926,1
39,3,2,5,4,1,0.9630352246361528,21,9,7.08919247516976,7.412428451885474,0
44,2,3,1,4,2,0.0752478380088589,6,3,0.31247873893268974,-8.400743623185258,0
33,4,2,2,2,2,0.1745939675174014,5,3,-8.592351148970089,-2.1027389850014,0
33,3,3,2,3,0,0.3213984391478591,6,0,-8.284154185029585,-2.6676739667357037,0
37,3,2,2,4,0,0.2489981016663151,9,2,-3.109903995505128,-2.3631063263478165,0
37,3,3,1,1,1,0.1288230331153765,17,4,2.1543043097962453,3.6233785322945504,0
27,3,3,1,1,0,0.10715039021303523,5,3,-13.195533474898205,1.5644078722272763,1
29,3,2,1,2,1,0.08104830204598186,6,2,-11.16247482686152,0.5741494471987867,1
44,1,2,3,4,1,0.4871862476270829,24,6,12.305787630047035,4.875454306915326,0
23,1,4,1,1,1,0.09544399915629614,5,2,-16.340163009389247,3.6584038749829038,0
43,4,4,1,4,0,0.05695001054629825,7,4,0.31401021549855557,-6.7287050045588455,0
29,2,3,1,3,0,0.12286437460451381,10,7,-8.024536436125441,5.256218468728061,1
27,4,2,1,1,1,0.1985340645433453,8,6,-10.940437011101196,4.772989273322789,0
46,3,3,3,2,1,0.33247205230963933,14,7,7.542184632233209,-2.5867296105397504,1
32,3,3,1,3,2,0.10699219573929551,8,4,-7.386240465350333,0.8243818376023775,0
37,1,3,3,2,2,0.34976798143851506,10,0,-2.634633099645221,-2.4444705235315443,0
30,3,3,2,1,0,0.10878506644167897,12,9,-5.692819253901124,6.836434602296433,0
38,4,2,2,4,2,0.15919637207340223,8,7,-2.4290967810317667,-1.6125616130360214,0
33,4,3,2,4,0,0.23708078464458976,6,2,-8.057583816109489,-1.8550832951999343,0
43,4,3,2,3,0,0.24625606412149337,10,7,2.6467491634560716,-3.4312943831631504,0
32,2,3,2,2,1,0.27478380088588905,10,4,-6.030070910181308,2.232224432580317,0
31,2,3,1,3,1,0.1301413203965408,6,2,-9.643939162858121,-0.6777135267193284,0
52,4,3,2,3,1,0.11284539126766505,9,2,8.243473742064857,-11.770144960720215,0
44,4,4,4,4,1,0.6491773887365535,23,11,12.308656567475701,6.305557128658236,0
29,1,2,1,4,0,0.08031006116852984,8,3,-9.760940582032706,2.3206028198697233,0
33,3,3,1,4,1,0.0752478380088589,8,4,-6.624570815991966,0.20203059194623663,1
31,2,1,2,3,1,0.1871967939253322,4,2,-10.852345054824752,-1.8916102004116784,1
37,2,3,3,4,0,0.5893271461716937,10,8,-1.7038229979017885,0.8346710991530291,0
38,4,3,1,3,1,0.12112423539337693,7,0,-3.9374995590577484,-5.229701926538771,0
33,4,3,1,2,1,0.09212191520776207,8,7,-6.281700754913967,1.4185697056304676,0
